SCHOOL_ID,Y,X,Altitude,dx,dy
400009,41.80757851,-87.74009744,0,2,2
400010,41.79612151,-87.62584904,0,2,2
400011,41.87724835,-87.70523453,0,2,2
400012,41.77080225,-87.63547157,0,2,2
400013,41.93729829,-87.72709566,0,2,2
400015,41.91249761,-87.69552183,0,2,2
400017,41.96640567,-87.72182467,0,2,2
400018,41.88420467,-87.76189102,0,2,2
400019,41.81927661,-87.6266218,0,2,2
400020,41.85855329,-87.70769852,0,2,2
400021,41.88232222,-87.76532198,0,2,2
400022,41.89937657,-87.69494501,0,2,2
400023,41.74317942,-87.58792764,0,2,2
400024,41.79404286,-87.67024266,0,2,2
400025,41.92241463,-87.68135796,0,2,2
400026,41.72024642,-87.65756106,0,2,2
400027,41.95089128,-87.71049243,0,2,2
400028,41.68443304,-87.61688838,0,2,2
400029,41.78361685,-87.62206845,0,2,2
400030,41.9216875,-87.77674854,0,2,2
400031,41.74536545,-87.6926144,0,2,2
400032,41.74838241,-87.66897964,0,2,2
400033,41.72122143,-87.65576813,0,2,2
400034,41.99024501,-87.72650426,0,2,2
400035,42.01303149,-87.67481842,0,2,2
400036,41.88055011,-87.64977248,0,2,2
400038,41.86495226,-87.72502202,0,2,2
400039,41.90677064,-87.69436445,0,2,2
400040,41.86207686,-87.71764198,0,2,2
400041,41.89731303,-87.72195904,0,2,2
400042,41.86931848,-87.71030188,0,2,2
400043,41.88336203,-87.66807695,0,2,2
400044,41.85836974,-87.72107065,0,2,2
400045,41.69804049,-87.63105815,0,2,2
400046,41.86727271,-87.71067948,0,2,2
400047,41.87786063,-87.69873872,0,2,2
400048,41.87468714,-87.68656837,0,2,2
400049,41.85685916,-87.73034815,0,2,2
400050,41.82569976,-87.66772404,0,2,2
400051,41.90019052,-87.66262778,0,2,2
400052,41.76408299,-87.60197357,0,2,2
400053,41.89528219,-87.664483,0,2,2
400054,41.91521411,-87.73012672,0,2,2
400055,41.89242501,-87.66085887,0,2,2
400056,41.89536226,-87.71804677,0,2,2
400057,41.86581741,-87.67611093,0,2,2
400058,41.85856355,-87.70898711,0,2,2
400059,41.86414584,-87.7006806,0,2,2
400060,41.98337144,-87.67116042,0,2,2
400061,41.74596083,-87.65204509,0,2,2
400062,41.74594902,-87.65065702,0,2,2
400064,41.85599911,-87.6285309,0,2,2
400066,41.82778386,-87.62478772,0,2,2
400068,41.87276043,-87.76333693,0,2,2
400069,41.89255017,-87.70779647,0,2,2
400070,41.90307018,-87.66354081,0,2,2
400071,41.77536737,-87.66399583,0,2,2
400072,41.75245849,-87.60025455,0,2,2
400073,41.80430933,-87.62501515,0,2,2
400074,41.76739011,-87.66763901,0,2,2
400075,41.82772608,-87.60850078,0,2,2
400076,41.81118287,-87.59878627,0,2,2
400077,41.7781297,-87.59811392,0,2,2
400078,41.8135473,-87.60842562,0,2,2
400079,41.81013479,-87.73049512,0,2,2
400080,41.80819981,-87.73045044,0,2,2
400081,41.85950401,-87.66794917,0,2,2
400082,41.93747578,-87.69959365,0,2,2
400083,41.85003541,-87.6925509,0,2,2
400084,41.79993019,-87.69386164,0,2,2
400085,41.80917079,-87.73046685,0,2,2
400086,41.78149782,-87.63435669,0,2,2
400087,41.84454381,-87.6187238,0,2,2
400089,41.80830882,-87.6973941,0,2,2
400091,41.86330141,-87.6590948,0,2,2
400092,41.65366345,-87.6050391,0,2,2
400094,41.74484911,-87.55022237,0,2,2
400096,41.90779718,-87.66407247,0,2,2
400097,41.87880881,-87.67819526,0,2,2
400098,41.88274026,-87.62633828,0,2,2
400101,41.82288374,-87.69399616,0,2,2
400102,41.86254002,-87.66010654,0,2,2
400104,41.84596659,-87.68724016,0,2,2
400105,41.83111753,-87.61362865,0,2,2
400106,41.7783695,-87.6351167,0,2,2
400107,41.73333313,-87.54557989,0,2,2
400108,41.65314106,-87.60187328,0,2,2
400109,41.72113646,-87.66241565,0,2,2
400111,41.74312177,-87.66572106,0,2,2
400112,41.80104241,-87.70879678,0,2,2
400113,41.9077968,-87.6455615,0,2,2
400114,41.90034364,-87.68989563,0,2,2
400115,41.77099172,-87.69307532,0,2,2
400116,41.7745716,-87.67614673,0,2,2
400117,41.73444162,-87.65098673,0,2,2
400118,41.86932808,-87.71165423,0,2,2
400119,41.88173276,-87.73377838,0,2,2
400120,41.91795168,-87.78783044,0,2,2
400121,42.01647588,-87.68440568,0,2,2
400123,41.88044719,-87.7425389,0,2,2
400124,41.84133117,-87.62533077,0,2,2
400125,41.9381866,-87.72713736,0,2,2
400126,41.90157241,-87.70685988,0,2,2
400127,41.89497639,-87.76022118,0,2,2
400128,41.86494335,-87.72366217,0,2,2
400129,41.80933109,-87.6164773,0,2,2
400130,41.75137711,-87.64173119,0,2,2
400131,41.9028497,-87.69600602,0,2,2
400133,41.88304717,-87.62773415,0,2,2
400134,41.85720786,-87.64488798,0,2,2
400135,41.85466466,-87.69543001,0,2,2
400136,41.7129221,-87.5923332,0,2,2
400137,41.8096955,-87.59933994,0,2,2
400139,41.74628657,-87.57849167,0,2,2
400141,41.96529482,-87.65923929,0,2,2
400142,41.87631673,-87.6741384,0,2,2
400143,41.89080312,-87.7020528,0,2,2
609708,41.93979677,-87.75416654,0,2,2
400144,41.90224003,-87.74881029,0,2,2
400145,41.83207206,-87.62678147,0,2,2
400146,41.89181614,-87.74661384,0,2,2
400147,41.69195334,-87.65424794,0,2,2
400148,41.84544602,-87.68406494,0,2,2
400149,41.80176225,-87.71102498,0,2,2
400150,41.73013139,-87.60697991,0,2,2
400151,41.88741029,-87.70139735,0,2,2
400153,41.81310945,-87.69323838,0,2,2
400156,41.70666686,-87.60257332,0,2,2
400157,41.73462237,-87.55620144,0,2,2
400159,41.92218116,-87.75752153,0,2,2
400161,41.67931844,-87.61796787,0,2,2
400162,41.93898843,-87.74112863,0,2,2
400163,41.79355627,-87.63996733,0,2,2
400164,41.84595667,-87.68590261,0,2,2
400165,41.8874127,-87.7027039,0,2,2
400167,41.79520095,-87.68396339,0,2,2
400169,41.92563027,-87.76980777,0,2,2
400170,41.88215248,-87.62774253,0,2,2
400171,41.69577858,-87.65355219,0,2,2
400173,41.80822579,-87.70264475,0,2,2
400175,41.75974864,-87.55648708,0,2,2
400176,41.76592892,-87.69073009,0,2,2
400177,41.86117419,-87.70928683,0,2,2
609674,41.73717393,-87.57326752,0,2,2
609676,41.84022557,-87.61763744,0,2,2
609678,41.87306592,-87.62767532,0,2,2
609679,41.9200594,-87.76104832,0,2,2
609680,41.90157517,-87.63538477,0,2,2
609682,41.80288138,-87.66227785,0,2,2
609691,41.91167369,-87.73523756,0,2,2
609692,41.74578123,-87.63541037,0,2,2
609693,41.8899772,-87.70733231,0,2,2
609694,41.79146391,-87.72447046,0,2,2
609695,41.97506726,-87.67948422,0,2,2
609698,41.74937561,-87.72109745,0,2,2
609702,41.8769423,-87.68197316,0,2,2
609704,41.84855988,-87.70870563,0,2,2
609705,41.68995073,-87.63757205,0,2,2
609707,41.7697138,-87.63715272,0,2,2
609709,41.79101284,-87.68895394,0,2,2
609710,41.71837235,-87.62062344,0,2,2
609711,41.77512408,-87.6690893,0,2,2
609712,41.75374796,-87.60172727,0,2,2
609713,41.78225693,-87.58661501,0,2,2
609715,41.81872906,-87.69463866,0,2,2
609716,41.9279184,-87.73599882,0,2,2
609718,41.78996125,-87.78083976,0,2,2
609719,41.95476407,-87.66895269,0,2,2
609720,41.94664457,-87.69101263,0,2,2
609722,41.87093896,-87.69989559,0,2,2
609723,41.87844409,-87.70805007,0,2,2
609724,41.98758868,-87.7024964,0,2,2
609725,41.69203501,-87.66565755,0,2,2
609726,41.69276253,-87.61635261,0,2,2
609727,41.82387997,-87.61979635,0,2,2
609728,41.96482788,-87.71481862,0,2,2
609729,41.94636454,-87.73561211,0,2,2
609730,41.98902854,-87.66713619,0,2,2
609732,41.93563359,-87.78351523,0,2,2
609733,42.00268756,-87.66919215,0,2,2
609734,41.98296099,-87.79154725,0,2,2
609735,41.80751007,-87.64296648,0,2,2
609736,41.80207723,-87.61193073,0,2,2
609737,41.97318505,-87.71338625,0,2,2
609738,41.91826831,-87.64600936,0,2,2
609739,41.68813694,-87.5375703,0,2,2
609740,41.89899471,-87.66748287,0,2,2
609741,41.78052639,-87.71801374,0,2,2
609744,41.98297252,-87.72238622,0,2,2
609745,41.75985243,-87.67594677,0,2,2
609746,41.80377212,-87.59042089,0,2,2
609748,41.84253335,-87.69526102,0,2,2
609749,41.98131528,-87.7087078,0,2,2
609750,41.86436548,-87.66872223,0,2,2
609751,41.81367545,-87.60387386,0,2,2
609753,41.69122074,-87.71776967,0,2,2
609754,41.83055498,-87.61921554,0,2,2
609755,41.87860253,-87.66423334,0,2,2
609756,41.80306021,-87.72204165,0,2,2
609759,41.90262579,-87.68690615,0,2,2
609760,41.65628995,-87.59062038,0,2,2
609761,41.70665962,-87.60121588,0,2,2
609762,41.70585894,-87.65374921,0,2,2
609764,41.8526666,-87.66373245,0,2,2
609766,41.9603638,-87.76466317,0,2,2
609768,41.79355347,-87.64124411,0,2,2
609769,41.84967542,-87.62531482,0,2,2
609772,41.6987388,-87.53297604,0,2,2
609773,41.9341263,-87.65622867,0,2,2
609777,41.83385391,-87.65065316,0,2,2
609779,42.01014998,-87.68444183,0,2,2
609780,41.91604463,-87.72174232,0,2,2
609781,41.80211261,-87.62578339,0,2,2
609782,41.94506223,-87.68104105,0,2,2
609783,41.86783229,-87.68041756,0,2,2
609786,41.74824699,-87.59165381,0,2,2
609788,41.70513101,-87.65807422,0,2,2
609789,41.93251058,-87.73938835,0,2,2
609790,41.75419385,-87.67092713,0,2,2
609791,41.77424645,-87.65353242,0,2,2
609792,41.95821984,-87.70215096,0,2,2
609793,41.78494238,-87.64745284,0,2,2
609794,41.9715061,-87.70930367,0,2,2
609795,41.86781257,-87.77041753,0,2,2
609796,41.97239395,-87.75756504,0,2,2
609797,41.88532104,-87.70585481,0,2,2
609798,41.95893849,-87.73401973,0,2,2
609799,41.9495298,-87.68601824,0,2,2
609800,41.71043495,-87.61739046,0,2,2
609803,41.95078052,-87.66496784,0,2,2
609804,42.00341161,-87.69746282,0,2,2
609805,41.74933916,-87.66936565,0,2,2
609806,41.75436513,-87.55714197,0,2,2
609807,41.75345719,-87.70873128,0,2,2
609808,41.68665997,-87.63363214,0,2,2
609809,41.9309661,-87.6962942,0,2,2
609810,41.94911439,-87.79866892,0,2,2
609811,41.69972622,-87.56208423,0,2,2
609812,41.88299678,-87.67068239,0,2,2
609813,41.77162036,-87.62174597,0,2,2
609815,41.76084748,-87.57607486,0,2,2
609817,41.97575433,-87.69655603,0,2,2
609818,41.91759814,-87.78269957,0,2,2
609819,41.79675956,-87.61614052,0,2,2
609820,41.93793747,-87.66985312,0,2,2
609821,41.71440206,-87.56713059,0,2,2
609826,41.84544988,-87.71492701,0,2,2
609827,41.72848064,-87.60743532,0,2,2
609828,41.91235791,-87.6686606,0,2,2
609829,41.82886791,-87.69245663,0,2,2
609830,41.89766257,-87.76560566,0,2,2
609832,41.79503097,-87.79154448,0,2,2
609833,41.73922636,-87.58072903,0,2,2
609834,41.84369812,-87.71731895,0,2,2
609835,41.90379212,-87.71792664,0,2,2
609836,41.94800703,-87.8292957,0,2,2
609837,41.78336832,-87.59079501,0,2,2
609839,41.74251663,-87.69601208,0,2,2
609842,41.79327214,-87.68779954,0,2,2
609844,41.78982791,-87.62245275,0,2,2
609845,41.65370212,-87.59951563,0,2,2
609848,41.65740497,-87.60647385,0,2,2
609849,41.68734706,-87.70321549,0,2,2
609850,41.95280951,-87.65097987,0,2,2
609851,41.86643525,-87.69525937,0,2,2
609852,41.9758943,-87.68326359,0,2,2
609853,41.91799265,-87.69456225,0,2,2
609854,41.89671269,-87.68893676,0,2,2
609855,41.80165862,-87.685607,0,2,2
609856,41.65455815,-87.5446136,0,2,2
609857,41.95204212,-87.70644253,0,2,2
609859,41.99254136,-87.69835995,0,2,2
609861,41.69302601,-87.68089679,0,2,2
609862,41.74141281,-87.56596977,0,2,2
609863,41.89956578,-87.68193805,0,2,2
609864,41.74523702,-87.65977459,0,2,2
609865,42.01708759,-87.67776252,0,2,2
609866,41.9555532,-87.6837653,0,2,2
609867,41.85603119,-87.66722708,0,2,2
609869,41.78468086,-87.65716921,0,2,2
609870,41.84560242,-87.73119287,0,2,2
609871,41.68819084,-87.6856766,0,2,2
609872,41.85602872,-87.65798013,0,2,2
609873,41.85266349,-87.71247015,0,2,2
609874,41.97371478,-87.84104144,0,2,2
609875,41.92332272,-87.70541291,0,2,2
609876,41.82185162,-87.70020216,0,2,2
609879,41.74507775,-87.71735342,0,2,2
609880,42.00928856,-87.70461859,0,2,2
609883,41.76249026,-87.62334459,0,2,2
609884,41.94255167,-87.81313152,0,2,2
609885,41.79564568,-87.64265158,0,2,2
609887,41.74366924,-87.60997888,0,2,2
609888,41.88918418,-87.70379374,0,2,2
609891,41.83112063,-87.61227454,0,2,2
609893,41.78095446,-87.78760442,0,2,2
609894,41.84404331,-87.62855345,0,2,2
609895,41.72560922,-87.63016448,0,2,2
609896,41.9159138,-87.6744946,0,2,2
609897,41.78122517,-87.67554666,0,2,2
609898,41.77442045,-87.70795263,0,2,2
609899,42.00440792,-87.81116978,0,2,2
609900,41.6854184,-87.62165261,0,2,2
609901,41.99943683,-87.76184047,0,2,2
609902,41.66944402,-87.63430552,0,2,2
609903,41.80554154,-87.72585618,0,2,2
609904,41.88552958,-87.76658938,0,2,2
609907,41.87574412,-87.71580443,0,2,2
609908,41.68941961,-87.66915867,0,2,2
609909,41.83155516,-87.6813103,0,2,2
609910,41.93578457,-87.74933063,0,2,2
609912,41.97979006,-87.76607166,0,2,2
609917,41.71118362,-87.64041365,0,2,2
609918,42.00966386,-87.6699854,0,2,2
609919,41.78518282,-87.6086329,0,2,2
609920,41.85077148,-87.70511208,0,2,2
609921,41.84794743,-87.69600588,0,2,2
609922,41.92015005,-87.7568429,0,2,2
609924,41.72967268,-87.65548116,0,2,2
609925,41.87016772,-87.7021629,0,2,2
609926,41.90659999,-87.63551281,0,2,2
609927,41.73842548,-87.66809931,0,2,2
609928,41.8180034,-87.61178404,0,2,2
609929,41.79758027,-87.66843588,0,2,2
609930,41.91761651,-87.71689166,0,2,2
609933,42.02109056,-87.67193898,0,2,2
609935,41.706801,-87.53517531,0,2,2
609937,41.97635166,-87.79623511,0,2,2
609938,41.83706515,-87.71869664,0,2,2
609939,41.72533228,-87.62371944,0,2,2
609941,41.76061413,-87.67596551,0,2,2
609942,41.92283101,-87.6928997,0,2,2
609943,41.67061754,-87.62254566,0,2,2
609944,41.662481,-87.55330671,0,2,2
609945,41.97581653,-87.65791249,0,2,2
609947,41.81330373,-87.64334424,0,2,2
609949,41.94876358,-87.7571156,0,2,2
609950,41.83879052,-87.71719032,0,2,2
609951,41.81117346,-87.59750293,0,2,2
609952,41.82966928,-87.67149237,0,2,2
609954,41.87074216,-87.71866613,0,2,2
609955,41.73892016,-87.64502524,0,2,2
609956,41.77546426,-87.75880329,0,2,2
609958,41.81300737,-87.69936419,0,2,2
609959,41.84995832,-87.63380633,0,2,2
609960,41.78019173,-87.77657871,0,2,2
609961,41.74375308,-87.55186172,0,2,2
609963,41.94521965,-87.67086537,0,2,2
609964,41.80724156,-87.66117466,0,2,2
609966,41.85271913,-87.6962433,0,2,2
609967,41.84921491,-87.68566784,0,2,2
609968,41.91481634,-87.72393113,0,2,2
609969,41.79344724,-87.5868546,0,2,2
609971,41.75734054,-87.63273687,0,2,2
609972,41.96402871,-87.72312804,0,2,2
609973,41.8413938,-87.73431332,0,2,2
609974,41.94227549,-87.65770888,0,2,2
609975,41.89917136,-87.75581325,0,2,2
609976,41.99454089,-87.66850377,0,2,2
609977,41.77336553,-87.594392,0,2,2
609978,41.70755762,-87.60466041,0,2,2
609979,41.83959486,-87.64034075,0,2,2
609981,41.808175,-87.74572606,0,2,2
609983,41.80711213,-87.67332726,0,2,2
609985,41.87866465,-87.73580189,0,2,2
609986,41.79059129,-87.67188731,0,2,2
609987,41.81578775,-87.63366448,0,2,2
609988,41.9589888,-87.71563237,0,2,2
609990,41.86687451,-87.628615,0,2,2
609991,41.8620813,-87.71899385,0,2,2
609993,41.8097703,-87.67218159,0,2,2
609994,41.97033524,-87.71036161,0,2,2
609995,41.9836717,-87.77912305,0,2,2
609996,41.83802739,-87.65379167,0,2,2
609997,41.79378765,-87.64979536,0,2,2
610000,41.89361221,-87.75939838,0,2,2
610002,41.73333775,-87.5682281,0,2,2
610003,41.74245163,-87.65363345,0,2,2
610004,41.70033514,-87.61124446,0,2,2
610005,41.86051774,-87.73177739,0,2,2
610006,41.76678528,-87.71954083,0,2,2
610009,41.87125482,-87.65336555,0,2,2
610010,41.9392475,-87.67580972,0,2,2
610011,41.98464078,-87.70052942,0,2,2
610012,41.90205484,-87.64105556,0,2,2
610013,41.85884888,-87.66220943,0,2,2
610015,41.85806478,-87.65230159,0,2,2
610016,41.72526344,-87.67723251,0,2,2
610017,41.84794072,-87.69731554,0,2,2
610019,41.77645281,-87.64089203,0,2,2
610021,41.90450277,-87.71423365,0,2,2
610022,42.00364046,-87.66822247,0,2,2
610024,41.84848777,-87.71601741,0,2,2
610026,41.78996463,-87.7794826,0,2,2
610027,41.72362691,-87.63952072,0,2,2
610029,41.90888613,-87.66509327,0,2,2
610030,41.79800188,-87.60248145,0,2,2
610032,41.71929195,-87.65250014,0,2,2
610033,41.91389953,-87.63756486,0,2,2
610034,41.86296002,-87.71295679,0,2,2
610036,41.90682605,-87.75454995,0,2,2
610037,41.79768483,-87.65993282,0,2,2
610038,41.92452482,-87.6444973,0,2,2
610039,41.94000928,-87.70263467,0,2,2
610040,41.9188141,-87.74851501,0,2,2
610041,41.93176235,-87.79560407,0,2,2
610043,41.91271803,-87.78391885,0,2,2
610044,41.90651959,-87.710217,0,2,2
610046,41.93419216,-87.7771742,0,2,2
610047,41.75954806,-87.5907124,0,2,2
610048,41.90824688,-87.63982651,0,2,2
610051,41.92015477,-87.75815426,0,2,2
610052,41.74827413,-87.57481564,0,2,2
610053,41.77388108,-87.6970298,0,2,2
610054,41.71658801,-87.55248343,0,2,2
610055,41.87971359,-87.70809202,0,2,2
610056,41.8568637,-87.73167243,0,2,2
610057,41.7809039,-87.69211506,0,2,2
610059,41.92320352,-87.65728744,0,2,2
610060,41.87429964,-87.66098467,0,2,2
610062,41.82999286,-87.64110257,0,2,2
610063,41.84226717,-87.70630009,0,2,2
610065,41.77542384,-87.60935721,0,2,2
610066,41.73454991,-87.61921444,0,2,2
610067,41.76814277,-87.6917865,0,2,2
610068,41.92395526,-87.76151477,0,2,2
610070,41.96784687,-87.67628825,0,2,2
610073,41.89208217,-87.68318459,0,2,2
610074,41.9299886,-87.71922375,0,2,2
610075,41.86472415,-87.66644423,0,2,2
610076,41.91250548,-87.69694139,0,2,2
610077,41.78431328,-87.68854926,0,2,2
610078,41.9490033,-87.65157334,0,2,2
610081,41.84440016,-87.64133981,0,2,2
610082,41.69573386,-87.70580995,0,2,2
610083,41.97012488,-87.78963033,0,2,2
610084,41.69717033,-87.69727834,0,2,2
610086,41.70195212,-87.64765249,0,2,2
610087,41.77655627,-87.79060442,0,2,2
610088,41.92090965,-87.72188814,0,2,2
610089,41.95007775,-87.71683185,0,2,2
610090,41.79853549,-87.59334041,0,2,2
610091,41.66487335,-87.63895773,0,2,2
610092,41.89180975,-87.74793588,0,2,2
610093,41.73840659,-87.62093345,0,2,2
610094,41.94163655,-87.64456122,0,2,2
610095,41.91394722,-87.64599025,0,2,2
610096,41.79771438,-87.68913886,0,2,2
610097,41.91958145,-87.73142009,0,2,2
610098,41.90615515,-87.72995463,0,2,2
610099,41.98815251,-87.80297944,0,2,2
610100,41.90690721,-87.7324431,0,2,2
610102,41.75467006,-87.6454695,0,2,2
610103,41.76860231,-87.57280596,0,2,2
610104,41.99379035,-87.79310826,0,2,2
610105,41.97850138,-87.81205404,0,2,2
610106,41.90013966,-87.7312606,0,2,2
610107,41.89180608,-87.66542624,0,2,2
610108,41.77457107,-87.674865,0,2,2
610109,41.74284992,-87.70574909,0,2,2
610110,41.82735527,-87.61977966,0,2,2
610111,41.97328939,-87.73921295,0,2,2
610112,41.7707798,-87.63408586,0,2,2
610115,41.76647654,-87.61154559,0,2,2
610116,41.76855519,-87.58295438,0,2,2
610117,41.78689538,-87.73266646,0,2,2
610120,41.78789897,-87.71921626,0,2,2
610121,41.87159549,-87.68361565,0,2,2
610122,41.98345579,-87.66585004,0,2,2
610123,41.85837242,-87.72238555,0,2,2
610124,41.72853414,-87.59625662,0,2,2
610125,41.84810094,-87.68074454,0,2,2
610126,41.83652695,-87.61833765,0,2,2
610127,41.98155714,-87.71258258,0,2,2
610128,41.70660286,-87.64757717,0,2,2
610129,41.8529004,-87.68329074,0,2,2
610130,41.74034023,-87.60789114,0,2,2
610131,41.8602589,-87.69252575,0,2,2
610132,41.70263,-87.60641917,0,2,2
610133,41.89323561,-87.71879729,0,2,2
610135,41.95698764,-87.761007,0,2,2
610136,41.9288411,-87.6695275,0,2,2
610137,41.96561907,-87.77241417,0,2,2
610138,41.91848628,-87.68380143,0,2,2
610139,41.68881935,-87.60943097,0,2,2
610141,41.96074569,-87.67092242,0,2,2
610142,41.79234788,-87.59475207,0,2,2
610143,41.80417379,-87.60492543,0,2,2
610144,41.94109399,-87.71954054,0,2,2
610145,41.9430189,-87.76898262,0,2,2
610146,41.76419586,-87.60017682,0,2,2
610147,42.01526505,-87.69718539,0,2,2
610148,41.80714283,-87.66603693,0,2,2
610152,41.75194558,-87.61806645,0,2,2
610153,41.73537939,-87.6388427,0,2,2
610155,41.99116925,-87.74595144,0,2,2
610157,41.7974982,-87.70500578,0,2,2
610158,41.91415063,-87.79872071,0,2,2
610159,41.9416776,-87.73217878,0,2,2
610163,42.01689164,-87.81419465,0,2,2
610165,41.93040332,-87.76119047,0,2,2
610167,41.81033324,-87.66877201,0,2,2
610170,41.81106861,-87.70419859,0,2,2
610171,41.73171692,-87.55278794,0,2,2
610172,41.79976621,-87.65022145,0,2,2
610173,41.79080024,-87.63227938,0,2,2
610174,41.81590949,-87.68964724,0,2,2
610175,41.80429402,-87.59390494,0,2,2
610176,41.69091888,-87.65866905,0,2,2
610177,41.87910254,-87.65941898,0,2,2
610178,41.71698887,-87.59693188,0,2,2
610179,41.95886804,-87.78197454,0,2,2
610180,41.86535102,-87.65344503,0,2,2
610182,41.99394233,-87.72404263,0,2,2
610183,41.8848764,-87.75044473,0,2,2
610185,41.74710688,-87.73166568,0,2,2
610188,41.69649616,-87.6399736,0,2,2
610191,41.99535905,-87.68479279,0,2,2
610192,41.91193808,-87.7133175,0,2,2
610193,41.74382852,-87.54292761,0,2,2
610194,41.87082838,-87.73352395,0,2,2
610195,41.71144507,-87.67682117,0,2,2
610196,41.98913906,-87.65829608,0,2,2
610197,41.89240461,-87.67372272,0,2,2
610198,41.71547038,-87.53297077,0,2,2
610199,41.67750545,-87.65811084,0,2,2
610200,41.73332424,-87.54427998,0,2,2
610201,41.94857131,-87.7776313,0,2,2
610202,41.88410224,-87.73056639,0,2,2
610203,41.78752323,-87.70817918,0,2,2
610206,41.7990464,-87.7589284,0,2,2
610207,41.72081703,-87.66555862,0,2,2
610208,41.69626235,-87.62714769,0,2,2
610209,41.971634,-87.72460522,0,2,2
610212,41.97150444,-87.71060879,0,2,2
610213,41.7734779,-87.60101811,0,2,2
610215,41.84095691,-87.70506426,0,2,2
610216,41.85483575,-87.64808617,0,2,2
610217,41.84398009,-87.63535579,0,2,2
610218,41.72676291,-87.57535255,0,2,2
610219,41.68813148,-87.5360153,0,2,2
610220,41.9643654,-87.69133251,0,2,2
610221,41.86991586,-87.72752437,0,2,2
610223,41.7650759,-87.65820484,0,2,2
610225,41.68390701,-87.65538382,0,2,2
610226,41.79234608,-87.71098733,0,2,2
610227,41.84008043,-87.72554564,0,2,2
610229,41.90705301,-87.67776098,0,2,2
610230,42.00749067,-87.77834486,0,2,2
610231,41.85279977,-87.62930833,0,2,2
610234,41.91503855,-87.70028031,0,2,2
610235,41.90679057,-87.76714285,0,2,2
610237,41.80913476,-87.62713681,0,2,2
610238,41.76536057,-87.65301779,0,2,2
610239,41.80234287,-87.6722064,0,2,2
610242,41.95998416,-87.64974916,0,2,2
610244,41.87288501,-87.75332487,0,2,2
610245,41.89036863,-87.76766846,0,2,2
610246,41.79846496,-87.62569158,0,2,2
610248,41.94305592,-87.7781868,0,2,2
610249,41.79404805,-87.69026084,0,2,2
610250,41.90141653,-87.63363243,0,2,2
610251,41.88294993,-87.69918701,0,2,2
610252,41.87986982,-87.68031497,0,2,2
610254,41.85888345,-87.71574357,0,2,2
610256,41.81734933,-87.59906677,0,2,2
610257,41.88917813,-87.70510783,0,2,2
610263,41.77990049,-87.61721418,0,2,2
610268,41.74018379,-87.60117441,0,2,2
610269,41.97094908,-87.65475845,0,2,2
610271,41.87381495,-87.70224105,0,2,2
610274,41.86183619,-87.70313876,0,2,2
610276,41.81435828,-87.61661794,0,2,2
610279,41.76067264,-87.60679103,0,2,2
610281,41.7603318,-87.55678925,0,2,2
610282,41.89781907,-87.74673078,0,2,2
610284,42.00770257,-87.67316833,0,2,2
610287,41.74235057,-87.70960968,0,2,2
610290,41.7727275,-87.63727735,0,2,2
610291,41.77530539,-87.72888429,0,2,2
610293,41.87879893,-87.72466123,0,2,2
610295,41.68103137,-87.64699404,0,2,2
610298,41.74718592,-87.62804036,0,2,2
610299,41.76533498,-87.64133454,0,2,2
610300,41.74886823,-87.63475052,0,2,2
610304,41.87911823,-87.68696022,0,2,2
610305,41.87358678,-87.74927555,0,2,2
610308,41.88356817,-87.66947671,0,2,2
610312,41.73313231,-87.5895895,0,2,2
610313,41.90529385,-87.6857562,0,2,2
610315,41.67230941,-87.65053854,0,2,2
610316,41.72610746,-87.58218174,0,2,2
610317,41.8239,-87.69207693,0,2,2
610319,41.82935562,-87.66781651,0,2,2
610321,41.95249186,-87.71998812,0,2,2
610323,41.73462672,-87.55755003,0,2,2
610325,41.9339702,-87.70804088,0,2,2
610329,41.85775481,-87.67521046,0,2,2
610334,41.88621006,-87.71542312,0,2,2
610339,41.75892473,-87.64921669,0,2,2
610340,41.94305449,-87.77684657,0,2,2
610342,41.90681581,-87.68304994,0,2,2
610345,41.8144988,-87.60841877,0,2,2
610347,41.77751051,-87.6810612,0,2,2
610350,41.72969236,-87.57664295,0,2,2
610352,41.73884394,-87.72995529,0,2,2
610353,41.82437733,-87.71165364,0,2,2
610354,41.96172106,-87.70715073,0,2,2
610355,41.96230777,-87.66385296,0,2,2
610357,41.8477617,-87.69894611,0,2,2
610362,41.71566536,-87.63930547,0,2,2
610363,41.95681613,-87.64608274,0,2,2
610364,41.65373298,-87.61432001,0,2,2
610366,41.7161933,-87.64804432,0,2,2
610367,41.87797883,-87.76629755,0,2,2
610368,41.70534232,-87.62986866,0,2,2
610369,41.73412547,-87.64676673,0,2,2
610380,41.8061176,-87.62502998,0,2,2
610381,41.80520417,-87.62500447,0,2,2
610383,41.83350727,-87.73529947,0,2,2
610384,41.83616882,-87.73527796,0,2,2
610385,41.83528187,-87.7352833,0,2,2
610386,41.80351472,-87.66737777,0,2,2
610389,41.89444883,-87.72616633,0,2,2
610390,41.98902071,-87.66578851,0,2,2
610391,41.7820408,-87.67166185,0,2,2
610392,41.83439662,-87.73529222,0,2,2
610394,41.96554746,-87.65247335,0,2,2
610396,41.76440708,-87.70644465,0,2,2
610402,41.94138764,-87.69076139,0,2,2
610405,41.88321452,-87.67763611,0,2,2
610499,41.86414857,-87.70204159,0,2,2
610501,41.88512294,-87.76190895,0,2,2
610502,41.87912346,-87.68831372,0,2,2
610503,41.86697963,-87.72724438,0,2,2
610504,41.82777491,-87.67754185,0,2,2
610506,41.7814849,-87.63301879,0,2,2
610513,41.82814532,-87.63275698,0,2,2
610518,41.88599329,-87.76191637,0,2,2
610520,41.90291446,-87.67369603,0,2,2
610521,41.77122111,-87.66652988,0,2,2
610523,41.99423795,-87.81377123,0,2,2
610524,41.93579456,-87.68056201,0,2,2
610529,41.89354764,-87.65940468,0,2,2
610530,41.76775511,-87.5903961,0,2,2
610532,41.79347933,-87.71136992,0,2,2
610533,41.92131758,-87.76578057,0,2,2
610534,41.90510912,-87.6448415,0,2,2
610539,41.93493062,-87.77012726,0,2,2
610541,41.94002591,-87.72478312,0,2,2
610542,42.00295899,-87.70591721,0,2,2
610543,41.79520056,-87.71105882,0,2,2
610544,41.77107907,-87.73992023,0,2,2
610547,41.75879166,-87.57635264,0,2,2
610548,41.86857588,-87.66496913,0,2,2
610555,41.89567773,-87.75406405,0,2,2
610557,41.73523902,-87.70406007,0,2,2
610558,41.7537498,-87.70734535,0,2,2
610559,41.80649141,-87.68977977,0,2,2
610561,41.87694744,-87.68330135,0,2,2
610563,41.80841254,-87.67754137,0,2,2
610564,41.95248767,-87.72136351,0,2,2
610565,41.76389597,-87.64912435,0,2,2
610566,41.86647785,-87.70660368,0,2,2
610567,41.69515984,-87.64269697,0,2,2
610568,41.93943321,-87.70520632,0,2,2
610569,42.01717124,-87.80668177,0,2,2
610570,41.78302658,-87.68363453,0,2,2
610571,41.874673,-87.68784229,0,2,2
610574,41.75201588,-87.57588303,0,2,2
610582,41.76872909,-87.64628398,0,2,2
610580,41.90292503,-87.68788899,0,2,2
400168,41.74267138,-87.5599069,0,2,2
610572,41.75311714,-87.55051276,0,2,2
609774,41.92984985,-87.64641314,0,2,2
610184,41.84774672,-87.70018447,0,2,2
610101,41.89997649,-87.62929657,0,2,2
610515,41.95046051,-87.73067838,0,2,2
610573,41.7531149,-87.55180355,0,2,2
